url,path,depth,hops,level,money_page,hub,authority_percent
https://simplyenak.com,,0,0,homepage,False,,100.0
https://simplyenak.com/about,/about,1,1,root,False,,85.0
https://simplyenak.com/contact,/contact,1,1,root,False,,85.0
https://simplyenak.com/directions,/directions,1,1,root,False,,85.0
https://simplyenak.com/faq,/faq,1,1,root,False,,85.0
https://simplyenak.com/how-it-works,/how-it-works,1,1,root,False,,85.0
https://simplyenak.com/how-to-prepare,/how-to-prepare,1,1,root,False,,85.0
https://simplyenak.com/privacy,/privacy,1,1,root,False,,85.0
https://simplyenak.com/stories,/stories,1,1,root,False,,85.0
https://simplyenak.com/stories/11-foods-to-try-during-hari-raya,/stories/11-foods-to-try-during-hari-raya,2,2,category,False,,72.2
https://simplyenak.com/stories/borneo-indigenous-food-culture,/stories/borneo-indigenous-food-culture,2,2,category,False,,72.2
https://simplyenak.com/stories/cal-2026-07-21-nasi-lemak--from-farm-food-to-national-,/stories/cal-2026-07-21-nasi-lemak--from-farm-food-to-national-,2,2,category,False,,72.2
https://simplyenak.com/stories/cal-2026-07-28-penang-street-food--georgetown-walking-,/stories/cal-2026-07-28-penang-street-food--georgetown-walking-,2,2,category,False,,72.2
https://simplyenak.com/stories/cal-2026-08-04-malaysian-kopitiam-culture--coffee-kay,/stories/cal-2026-08-04-malaysian-kopitiam-culture--coffee-kay,2,2,category,False,,72.2
https://simplyenak.com/stories/cal-2026-08-11-vegetarian-kuala-lumpur--a-plant-based-,/stories/cal-2026-08-11-vegetarian-kuala-lumpur--a-plant-based-,2,2,category,False,,72.2
https://simplyenak.com/stories/cal-2026-08-18-laksa-across-malaysia--regional-variati,/stories/cal-2026-08-18-laksa-across-malaysia--regional-variati,2,2,category,False,,72.2
https://simplyenak.com/stories/cal-2026-08-25-how-to-order-at-a-hawker-centre-without,/stories/cal-2026-08-25-how-to-order-at-a-hawker-centre-without,2,2,category,False,,72.2
https://simplyenak.com/stories/cal-2026-09-01-malaysian-tea-culture--teh-tarik-and-be,/stories/cal-2026-09-01-malaysian-tea-culture--teh-tarik-and-be,2,2,category,False,,72.2
https://simplyenak.com/stories/cal-2026-09-08-the-satay-seller--a-vendor-story-from-k,/stories/cal-2026-09-08-the-satay-seller--a-vendor-story-from-k,2,2,category,False,,72.2
https://simplyenak.com/stories/cal-2026-09-15-melaka-food-heritage-walk--a-morning-in,/stories/cal-2026-09-15-melaka-food-heritage-walk--a-morning-in,2,2,category,False,,72.2
https://simplyenak.com/stories/cal-2026-09-22-durian-season-survival-guide--when-whe,/stories/cal-2026-09-22-durian-season-survival-guide--when-whe,2,2,category,False,,72.2
https://simplyenak.com/stories/cal-2026-09-29-malaysias-best-food-markets--from-chow,/stories/cal-2026-09-29-malaysias-best-food-markets--from-chow,2,2,category,False,,72.2
https://simplyenak.com/stories/chefs-guide-kuala-lumpur,/stories/chefs-guide-kuala-lumpur,2,2,category,False,,72.2
https://simplyenak.com/stories/chinese-dumpling-festival,/stories/chinese-dumpling-festival,2,2,category,False,,72.2
https://simplyenak.com/stories/couples-guide-kuala-lumpur,/stories/couples-guide-kuala-lumpur,2,2,category,False,,72.2
https://simplyenak.com/stories/couples-guide-penang,/stories/couples-guide-penang,2,2,category,False,,72.2
https://simplyenak.com/stories/do-malaysians-speak-english,/stories/do-malaysians-speak-english,2,2,category,False,,72.2
https://simplyenak.com/stories/dog-meat,/stories/dog-meat,2,2,category,False,,72.2
https://simplyenak.com/stories/durian-guide-2026,/stories/durian-guide-2026,2,2,category,False,,72.2
https://simplyenak.com/stories/durian-guide-malaysia,/stories/durian-guide-malaysia,2,2,category,False,,72.2
https://simplyenak.com/stories/durian-season-malaysia,/stories/durian-season-malaysia,2,2,category,False,,72.2
https://simplyenak.com/stories/eating-durians,/stories/eating-durians,2,2,category,False,,72.2
https://simplyenak.com/stories/families-guide-kuala-lumpur,/stories/families-guide-kuala-lumpur,2,2,category,False,,72.2
https://simplyenak.com/stories/families-guide-penang,/stories/families-guide-penang,2,2,category,False,,72.2
https://simplyenak.com/stories/faq-do-malaysians-speak-english,/stories/faq-do-malaysians-speak-english,2,2,category,False,,72.2
https://simplyenak.com/stories/faq-does-malaysia-speak-english,/stories/faq-does-malaysia-speak-english,2,2,category,False,,72.2
https://simplyenak.com/stories/faq-how-much-does-a-food-tour-cost-in-malaysia,/stories/faq-how-much-does-a-food-tour-cost-in-malaysia,2,2,category,False,,72.2
https://simplyenak.com/stories/faq-what-is-included-in-a-malaysian-food-tour,/stories/faq-what-is-included-in-a-malaysian-food-tour,2,2,category,False,,72.2
https://simplyenak.com/stories/faq-what-nights-are-night-markets-in-kuala-lumpur,/stories/faq-what-nights-are-night-markets-in-kuala-lumpur,2,2,category,False,,72.2
https://simplyenak.com/stories/faq-when-is-durian-season-in-malaysia,/stories/faq-when-is-durian-season-in-malaysia,2,2,category,False,,72.2
https://simplyenak.com/stories/faq-where-can-i-eat-durian-in-kuala-lumpur,/stories/faq-where-can-i-eat-durian-in-kuala-lumpur,2,2,category,False,,72.2
https://simplyenak.com/stories/food-guide-chinatown-kl,/stories/food-guide-chinatown-kl,2,2,category,False,,72.2
https://simplyenak.com/stories/food-guide-chow-kit,/stories/food-guide-chow-kit,2,2,category,False,,72.2
https://simplyenak.com/stories/food-guide-chowrasta-penang,/stories/food-guide-chowrasta-penang,2,2,category,False,,72.2
https://simplyenak.com/stories/food-guide-george-town,/stories/food-guide-george-town,2,2,category,False,,72.2
https://simplyenak.com/stories/food-guide-gurney-drive,/stories/food-guide-gurney-drive,2,2,category,False,,72.2
https://simplyenak.com/stories/food-guide-ipoh,/stories/food-guide-ipoh,2,2,category,False,,72.2
https://simplyenak.com/stories/food-guide-kampung-baru,/stories/food-guide-kampung-baru,2,2,category,False,,72.2
https://simplyenak.com/stories/food-guide-klang,/stories/food-guide-klang,2,2,category,False,,72.2
https://simplyenak.com/stories/food-guide-kuala-lumpur,/stories/food-guide-kuala-lumpur,2,2,category,False,,72.2
https://simplyenak.com/stories/food-guide-little-india-kl,/stories/food-guide-little-india-kl,2,2,category,False,,72.2
https://simplyenak.com/stories/food-guide-little-india-penang,/stories/food-guide-little-india-penang,2,2,category,False,,72.2
https://simplyenak.com/stories/food-guide-melaka,/stories/food-guide-melaka,2,2,category,False,,72.2
https://simplyenak.com/stories/food-guide-penang,/stories/food-guide-penang,2,2,category,False,,72.2
https://simplyenak.com/stories/food-safety,/stories/food-safety,2,2,category,False,,72.2
https://simplyenak.com/stories/foodies-guide-kuala-lumpur,/stories/foodies-guide-kuala-lumpur,2,2,category,False,,72.2
https://simplyenak.com/stories/foodies-guide-penang,/stories/foodies-guide-penang,2,2,category,False,,72.2
https://simplyenak.com/stories/gluten-free-guide-kuala-lumpur,/stories/gluten-free-guide-kuala-lumpur,2,2,category,False,,72.2
https://simplyenak.com/stories/gluten-free-guide-penang,/stories/gluten-free-guide-penang,2,2,category,False,,72.2
https://simplyenak.com/stories/halal-guide-kuala-lumpur,/stories/halal-guide-kuala-lumpur,2,2,category,False,,72.2
https://simplyenak.com/stories/halal-guide-penang,/stories/halal-guide-penang,2,2,category,False,,72.2
https://simplyenak.com/stories/heritage-food-guide-kuala-lumpur,/stories/heritage-food-guide-kuala-lumpur,2,2,category,False,,72.2
https://simplyenak.com/stories/heritage-food-guide-malaysia,/stories/heritage-food-guide-malaysia,2,2,category,False,,72.2
https://simplyenak.com/stories/heritage-food-guide-penang,/stories/heritage-food-guide-penang,2,2,category,False,,72.2
https://simplyenak.com/stories/hidden-gems-in-kuala-lumpur,/stories/hidden-gems-in-kuala-lumpur,2,2,category,False,,72.2
https://simplyenak.com/stories/hidden-meat-problem-vegetarian-kl,/stories/hidden-meat-problem-vegetarian-kl,2,2,category,False,,72.2
https://simplyenak.com/stories/how-to-find-vegetarian-restaurants-kl-penang-ipoh,/stories/how-to-find-vegetarian-restaurants-kl-penang-ipoh,2,2,category,False,,72.2
https://simplyenak.com/stories/jain-guide-kuala-lumpur,/stories/jain-guide-kuala-lumpur,2,2,category,False,,72.2
https://simplyenak.com/stories/jain-guide-penang,/stories/jain-guide-penang,2,2,category,False,,72.2
https://simplyenak.com/stories/johor-bahru-local-food-guide,/stories/johor-bahru-local-food-guide,2,2,category,False,,72.2
https://simplyenak.com/stories/malaysia-durian-guide,/stories/malaysia-durian-guide,2,2,category,False,,72.2
https://simplyenak.com/stories/malaysia-food-guide-first-time-visitors,/stories/malaysia-food-guide-first-time-visitors,2,2,category,False,,72.2
https://simplyenak.com/stories/malaysian-chefs-local-cuisine,/stories/malaysian-chefs-local-cuisine,2,2,category,False,,72.2
https://simplyenak.com/stories/malaysian-egg-dishes-cooking-methods,/stories/malaysian-egg-dishes-cooking-methods,2,2,category,False,,72.2
https://simplyenak.com/stories/malaysian-festivities,/stories/malaysian-festivities,2,2,category,False,,72.2
https://simplyenak.com/stories/malaysian-herbs-and-spices,/stories/malaysian-herbs-and-spices,2,2,category,False,,72.2
https://simplyenak.com/stories/malaysian-kueh-sweets-guide,/stories/malaysian-kueh-sweets-guide,2,2,category,False,,72.2
https://simplyenak.com/stories/malaysian-street-food-local-guide,/stories/malaysian-street-food-local-guide,2,2,category,False,,72.2
https://simplyenak.com/stories/market-guide-kuala-lumpur,/stories/market-guide-kuala-lumpur,2,2,category,False,,72.2
https://simplyenak.com/stories/market-guide-malaysia,/stories/market-guide-malaysia,2,2,category,False,,72.2
https://simplyenak.com/stories/market-guide-penang,/stories/market-guide-penang,2,2,category,False,,72.2
https://simplyenak.com/stories/must-try-malaysian-street-food,/stories/must-try-malaysian-street-food,2,2,category,False,,72.2
https://simplyenak.com/stories/night-food-guide-kuala-lumpur,/stories/night-food-guide-kuala-lumpur,2,2,category,False,,72.2
https://simplyenak.com/stories/night-food-guide-malaysia,/stories/night-food-guide-malaysia,2,2,category,False,,72.2
https://simplyenak.com/stories/night-food-guide-penang,/stories/night-food-guide-penang,2,2,category,False,,72.2
https://simplyenak.com/stories/nyonya-cuisine-cultural-symbolism,/stories/nyonya-cuisine-cultural-symbolism,2,2,category,False,,72.2
https://simplyenak.com/stories/port-klang-to-kuala-lumpur,/stories/port-klang-to-kuala-lumpur,2,2,category,False,,72.2
https://simplyenak.com/stories/souvenirs-for-foodies,/stories/souvenirs-for-foodies,2,2,category,False,,72.2
https://simplyenak.com/stories/street-food-guide-kuala-lumpur,/stories/street-food-guide-kuala-lumpur,2,2,category,False,,72.2
https://simplyenak.com/stories/street-food-guide-malaysia,/stories/street-food-guide-malaysia,2,2,category,False,,72.2
https://simplyenak.com/stories/street-food-guide-penang,/stories/street-food-guide-penang,2,2,category,False,,72.2
https://simplyenak.com/stories/traditional-pahang-food,/stories/traditional-pahang-food,2,2,category,False,,72.2
https://simplyenak.com/stories/traveling-during-fasting-month,/stories/traveling-during-fasting-month,2,2,category,False,,72.2
https://simplyenak.com/stories/vegan-guide-kuala-lumpur,/stories/vegan-guide-kuala-lumpur,2,2,category,False,,72.2
https://simplyenak.com/stories/vegan-guide-penang,/stories/vegan-guide-penang,2,2,category,False,,72.2
https://simplyenak.com/stories/vegetarian-guide-kuala-lumpur,/stories/vegetarian-guide-kuala-lumpur,2,2,category,False,,72.2
https://simplyenak.com/stories/vegetarian-guide-malaysia,/stories/vegetarian-guide-malaysia,2,2,category,False,,72.2
https://simplyenak.com/stories/vegetarian-guide-penang,/stories/vegetarian-guide-penang,2,2,category,False,,72.2
https://simplyenak.com/stories/wedding-groups-guide-kuala-lumpur,/stories/wedding-groups-guide-kuala-lumpur,2,2,category,False,,72.2
https://simplyenak.com/stories/what-to-eat-kuala-lumpur-first-time,/stories/what-to-eat-kuala-lumpur-first-time,2,2,category,False,,72.2
https://simplyenak.com/stories/what-vegetarian-actually-means-kuala-lumpur,/stories/what-vegetarian-actually-means-kuala-lumpur,2,2,category,False,,72.2
https://simplyenak.com/terms,/terms,1,1,root,False,,85.0
https://simplyenak.com/testimonials,/testimonials,1,1,root,False,,85.0
https://simplyenak.com/tour-quiz,/tour-quiz,1,1,root,False,,85.0
https://simplyenak.com/tours,/tours,1,1,root,False,,85.0
https://simplyenak.com/tours/corporate-groups,/tours/corporate-groups,2,2,category,False,,72.2
https://simplyenak.com/tours/dietary,/tours/dietary,2,2,category,False,,72.2
https://simplyenak.com/tours/dietary/gluten-free-food-tours,/tours/dietary/gluten-free-food-tours,3,3,subpage,True,/tours/dietary,61.4
https://simplyenak.com/tours/dietary/gluten-free-food-tours-kuala-lumpur,/tours/dietary/gluten-free-food-tours-kuala-lumpur,3,3,subpage,True,/tours/dietary,61.4
https://simplyenak.com/tours/dietary/gluten-free-food-tours-penang,/tours/dietary/gluten-free-food-tours-penang,3,3,subpage,True,/tours/dietary,61.4
https://simplyenak.com/tours/dietary/halal-food-tours,/tours/dietary/halal-food-tours,3,3,subpage,True,/tours/dietary,61.4
https://simplyenak.com/tours/dietary/halal-food-tours-kuala-lumpur,/tours/dietary/halal-food-tours-kuala-lumpur,3,3,subpage,True,/tours/dietary,61.4
https://simplyenak.com/tours/dietary/halal-food-tours-penang,/tours/dietary/halal-food-tours-penang,3,3,subpage,True,/tours/dietary,61.4
https://simplyenak.com/tours/dietary/jain-food-tours,/tours/dietary/jain-food-tours,3,3,subpage,True,/tours/dietary,61.4
https://simplyenak.com/tours/dietary/jain-food-tours-kuala-lumpur,/tours/dietary/jain-food-tours-kuala-lumpur,3,3,subpage,True,/tours/dietary,61.4
https://simplyenak.com/tours/dietary/jain-food-tours-penang,/tours/dietary/jain-food-tours-penang,3,3,subpage,True,/tours/dietary,61.4
https://simplyenak.com/tours/dietary/vegan-food-tours,/tours/dietary/vegan-food-tours,3,3,subpage,True,/tours/dietary,61.4
https://simplyenak.com/tours/dietary/vegan-food-tours-kuala-lumpur,/tours/dietary/vegan-food-tours-kuala-lumpur,3,3,subpage,True,/tours/dietary,61.4
https://simplyenak.com/tours/dietary/vegan-food-tours-penang,/tours/dietary/vegan-food-tours-penang,3,3,subpage,True,/tours/dietary,61.4
https://simplyenak.com/tours/dietary/vegetarian-food-tours,/tours/dietary/vegetarian-food-tours,3,3,subpage,True,/tours/dietary,61.4
https://simplyenak.com/tours/dietary/vegetarian-food-tours-kuala-lumpur,/tours/dietary/vegetarian-food-tours-kuala-lumpur,3,3,subpage,True,/tours/dietary,61.4
https://simplyenak.com/tours/dietary/vegetarian-food-tours-penang,/tours/dietary/vegetarian-food-tours-penang,3,3,subpage,True,/tours/dietary,61.4
https://simplyenak.com/tours/flavours-of-malaysia,/tours/flavours-of-malaysia,2,2,category,False,,72.2
https://simplyenak.com/tours/georgetown-night-food-durian,/tours/georgetown-night-food-durian,2,2,category,False,,72.2
https://simplyenak.com/tours/inside-pudu,/tours/inside-pudu,2,2,category,False,,72.2
https://simplyenak.com/tours/kl-vegetarian-food-tour,/tours/kl-vegetarian-food-tour,2,2,category,False,,72.2
https://simplyenak.com/tours/kuala-lumpur-street-food,/tours/kuala-lumpur-street-food,2,2,category,False,,72.2
https://simplyenak.com/tours/locations,/tours/locations,2,2,category,False,,72.2
https://simplyenak.com/tours/locations/batu-ferringhi-food-tour-penang,/tours/locations/batu-ferringhi-food-tour-penang,3,3,subpage,True,/tours/locations,61.4
https://simplyenak.com/tours/locations/chinatown-food-tour-kuala-lumpur,/tours/locations/chinatown-food-tour-kuala-lumpur,3,3,subpage,True,/tours/locations,61.4
https://simplyenak.com/tours/locations/chow-kit-market-food-tour,/tours/locations/chow-kit-market-food-tour,3,3,subpage,True,/tours/locations,61.4
https://simplyenak.com/tours/locations/chowrasta-market-food-tour,/tours/locations/chowrasta-market-food-tour,3,3,subpage,True,/tours/locations,61.4
https://simplyenak.com/tours/locations/food-tours-ipoh,/tours/locations/food-tours-ipoh,3,3,subpage,True,/tours/locations,61.4
https://simplyenak.com/tours/locations/food-tours-klang,/tours/locations/food-tours-klang,3,3,subpage,True,/tours/locations,61.4
https://simplyenak.com/tours/locations/food-tours-kuala-lumpur,/tours/locations/food-tours-kuala-lumpur,3,3,subpage,True,/tours/locations,61.4
https://simplyenak.com/tours/locations/food-tours-melaka,/tours/locations/food-tours-melaka,3,3,subpage,True,/tours/locations,61.4
https://simplyenak.com/tours/locations/food-tours-penang,/tours/locations/food-tours-penang,3,3,subpage,True,/tours/locations,61.4
https://simplyenak.com/tours/locations/georgetown-heritage-food-tour,/tours/locations/georgetown-heritage-food-tour,3,3,subpage,True,/tours/locations,61.4
https://simplyenak.com/tours/locations/gurney-drive-food-tour,/tours/locations/gurney-drive-food-tour,3,3,subpage,True,/tours/locations,61.4
https://simplyenak.com/tours/locations/kampung-baru-food-tour,/tours/locations/kampung-baru-food-tour,3,3,subpage,True,/tours/locations,61.4
https://simplyenak.com/tours/locations/little-india-food-tour-kuala-lumpur,/tours/locations/little-india-food-tour-kuala-lumpur,3,3,subpage,True,/tours/locations,61.4
https://simplyenak.com/tours/locations/little-india-food-tour-penang,/tours/locations/little-india-food-tour-penang,3,3,subpage,True,/tours/locations,61.4
https://simplyenak.com/tours/locations/malaysia-food-tours,/tours/locations/malaysia-food-tours,3,3,subpage,True,/tours/locations,61.4
https://simplyenak.com/tours/locations/pudu-food-tour-kuala-lumpur,/tours/locations/pudu-food-tour-kuala-lumpur,3,3,subpage,True,/tours/locations,61.4
https://simplyenak.com/tours/locations/queensbay-food-tour-penang,/tours/locations/queensbay-food-tour-penang,3,3,subpage,True,/tours/locations,61.4
https://simplyenak.com/tours/locations/tanjung-bungah-food-tour-penang,/tours/locations/tanjung-bungah-food-tour-penang,3,3,subpage,True,/tours/locations,61.4
https://simplyenak.com/tours/packages/kuala-lumpur-food-experience,/tours/packages/kuala-lumpur-food-experience,3,3,subpage,True,,61.4
https://simplyenak.com/tours/packages/penang-food-experience,/tours/packages/penang-food-experience,3,3,subpage,True,,61.4
https://simplyenak.com/tours/packages/ultimate-malaysia-food-experience,/tours/packages/ultimate-malaysia-food-experience,3,3,subpage,True,,61.4
https://simplyenak.com/tours/penang-street-food,/tours/penang-street-food,2,2,category,False,,72.2
https://simplyenak.com/tours/private-tours,/tours/private-tours,2,2,category,False,,72.2
https://simplyenak.com/tours/private-tours/private-food-tour-kuala-lumpur,/tours/private-tours/private-food-tour-kuala-lumpur,3,3,subpage,False,,61.4
https://simplyenak.com/tours/private-tours/private-food-tour-penang,/tours/private-tours/private-food-tour-penang,3,3,subpage,False,,61.4
https://simplyenak.com/tours/secrets-of-kl-nightlife-street-art-and-cocktails,/tours/secrets-of-kl-nightlife-street-art-and-cocktails,2,2,category,False,,72.2
https://simplyenak.com/tours/segments,/tours/segments,2,2,category,False,,72.2
https://simplyenak.com/tours/segments/food-tours-for-chefs,/tours/segments/food-tours-for-chefs,3,3,subpage,True,/tours/segments,61.4
https://simplyenak.com/tours/segments/food-tours-for-couples-kuala-lumpur,/tours/segments/food-tours-for-couples-kuala-lumpur,3,3,subpage,True,/tours/segments,61.4
https://simplyenak.com/tours/segments/food-tours-for-couples-penang,/tours/segments/food-tours-for-couples-penang,3,3,subpage,True,/tours/segments,61.4
https://simplyenak.com/tours/segments/food-tours-for-families-kuala-lumpur,/tours/segments/food-tours-for-families-kuala-lumpur,3,3,subpage,True,/tours/segments,61.4
https://simplyenak.com/tours/segments/food-tours-for-families-penang,/tours/segments/food-tours-for-families-penang,3,3,subpage,True,/tours/segments,61.4
https://simplyenak.com/tours/segments/food-tours-for-foodies-kuala-lumpur,/tours/segments/food-tours-for-foodies-kuala-lumpur,3,3,subpage,True,/tours/segments,61.4
https://simplyenak.com/tours/segments/food-tours-for-foodies-penang,/tours/segments/food-tours-for-foodies-penang,3,3,subpage,True,/tours/segments,61.4
https://simplyenak.com/tours/segments/food-tours-for-wedding-groups,/tours/segments/food-tours-for-wedding-groups,3,3,subpage,True,/tours/segments,61.4
https://simplyenak.com/tours/specialty,/tours/specialty,2,2,category,False,,72.2
https://simplyenak.com/tours/specialty/durian-season-malaysia,/tours/specialty/durian-season-malaysia,3,3,subpage,True,/tours/specialty,61.4
https://simplyenak.com/tours/specialty/heritage-food-tours,/tours/specialty/heritage-food-tours,3,3,subpage,True,/tours/specialty,61.4
https://simplyenak.com/tours/specialty/heritage-food-tours-kuala-lumpur,/tours/specialty/heritage-food-tours-kuala-lumpur,3,3,subpage,True,/tours/specialty,61.4
https://simplyenak.com/tours/specialty/heritage-food-tours-penang,/tours/specialty/heritage-food-tours-penang,3,3,subpage,True,/tours/specialty,61.4
https://simplyenak.com/tours/specialty/market-tours,/tours/specialty/market-tours,3,3,subpage,True,/tours/specialty,61.4
https://simplyenak.com/tours/specialty/market-tours-kuala-lumpur,/tours/specialty/market-tours-kuala-lumpur,3,3,subpage,True,/tours/specialty,61.4
https://simplyenak.com/tours/specialty/market-tours-penang,/tours/specialty/market-tours-penang,3,3,subpage,True,/tours/specialty,61.4
https://simplyenak.com/tours/specialty/night-food-tours,/tours/specialty/night-food-tours,3,3,subpage,True,/tours/specialty,61.4
https://simplyenak.com/tours/specialty/night-food-tours-kuala-lumpur,/tours/specialty/night-food-tours-kuala-lumpur,3,3,subpage,True,/tours/specialty,61.4
https://simplyenak.com/tours/specialty/night-food-tours-penang,/tours/specialty/night-food-tours-penang,3,3,subpage,True,/tours/specialty,61.4
https://simplyenak.com/tours/specialty/street-food-tours,/tours/specialty/street-food-tours,3,3,subpage,True,/tours/specialty,61.4
https://simplyenak.com/tours/specialty/street-food-tours-kuala-lumpur,/tours/specialty/street-food-tours-kuala-lumpur,3,3,subpage,True,/tours/specialty,61.4
https://simplyenak.com/tours/specialty/street-food-tours-penang,/tours/specialty/street-food-tours-penang,3,3,subpage,True,/tours/specialty,61.4
https://simplyenak.com/tours/tailored-tours,/tours/tailored-tours,2,2,category,False,,72.2
https://simplyenak.com/tours/why-simply-enak,/tours/why-simply-enak,2,2,category,False,,72.2
https://simplyenak.com/track-record,/track-record,1,1,root,False,,85.0
