url,page_type,subtype,priority,gsc_position,estimated_rank,phase_id,phase_label,top_action,actions
https://simplyenak.com,homepage,homepage,0.5,0,3,5,Maintenance (Position 1–5),Monitor position daily via GSC / rank tracker,"Monitor position daily via GSC / rank tracker
Refresh content quarterly with new information / data
Watch competitor pages for new content or features
Respond to new reviews and maintain Google Business Profile
Continue building new backlinks at sustaining pace"
https://simplyenak.com/tours,supporting,page:tours,0.5,0,5,5,Maintenance (Position 1–5),Monitor position daily via GSC / rank tracker,"Monitor position daily via GSC / rank tracker
Refresh content quarterly with new information / data
Watch competitor pages for new content or features
Respond to new reviews and maintain Google Business Profile
Continue building new backlinks at sustaining pace"
https://simplyenak.com/contact,supporting,page:contact,0.5,0,6,4,Conversion (Position 5–10),Add prominent booking CTA above the fold,"Add prominent booking CTA above the fold
Add social proof: testimonials, review scores, trust badges
A/B test title tags for CTR improvement
Add urgency signals (limited availability, 'booked X times today')
Optimize for featured snippets (answer common questions concisely)"
https://simplyenak.com/about,supporting,page:about,0.5,0,8,4,Conversion (Position 5–10),Add prominent booking CTA above the fold,"Add prominent booking CTA above the fold
Add social proof: testimonials, review scores, trust badges
A/B test title tags for CTR improvement
Add urgency signals (limited availability, 'booked X times today')
Optimize for featured snippets (answer common questions concisely)"
https://simplyenak.com/stories/11-foods-to-try-during-hari-raya,blog,blog:11-foods-to-try-during-hari-raya,0.5,0,55,1,Foundation (Position 50+ / Unranked),"Set unique, keyword-rich title tags (<60 chars)","Set unique, keyword-rich title tags (<60 chars)
Write compelling meta descriptions (150–160 chars)
Add proper heading hierarchy (H1 → H2 → H3)
Ensure page is indexable (no noindex, no canonical issues)
Add Open Graph and Twitter card meta tags"
https://simplyenak.com/stories/borneo-indigenous-food-culture,blog,blog:borneo-indigenous-food-culture,0.5,0,55,1,Foundation (Position 50+ / Unranked),"Set unique, keyword-rich title tags (<60 chars)","Set unique, keyword-rich title tags (<60 chars)
Write compelling meta descriptions (150–160 chars)
Add proper heading hierarchy (H1 → H2 → H3)
Ensure page is indexable (no noindex, no canonical issues)
Add Open Graph and Twitter card meta tags"
https://simplyenak.com/stories/chinese-dumpling-festival,blog,blog:chinese-dumpling-festival,0.5,0,55,1,Foundation (Position 50+ / Unranked),"Set unique, keyword-rich title tags (<60 chars)","Set unique, keyword-rich title tags (<60 chars)
Write compelling meta descriptions (150–160 chars)
Add proper heading hierarchy (H1 → H2 → H3)
Ensure page is indexable (no noindex, no canonical issues)
Add Open Graph and Twitter card meta tags"
https://simplyenak.com/stories/do-malaysians-speak-english,blog,blog:do-malaysians-speak-english,0.5,0,55,1,Foundation (Position 50+ / Unranked),"Set unique, keyword-rich title tags (<60 chars)","Set unique, keyword-rich title tags (<60 chars)
Write compelling meta descriptions (150–160 chars)
Add proper heading hierarchy (H1 → H2 → H3)
Ensure page is indexable (no noindex, no canonical issues)
Add Open Graph and Twitter card meta tags"
https://simplyenak.com/stories/dog-meat,blog,blog:dog-meat,0.5,0,55,1,Foundation (Position 50+ / Unranked),"Set unique, keyword-rich title tags (<60 chars)","Set unique, keyword-rich title tags (<60 chars)
Write compelling meta descriptions (150–160 chars)
Add proper heading hierarchy (H1 → H2 → H3)
Ensure page is indexable (no noindex, no canonical issues)
Add Open Graph and Twitter card meta tags"
https://simplyenak.com/stories/durian-guide-2026,blog,blog:durian-guide-2026,0.5,0,55,1,Foundation (Position 50+ / Unranked),"Set unique, keyword-rich title tags (<60 chars)","Set unique, keyword-rich title tags (<60 chars)
Write compelling meta descriptions (150–160 chars)
Add proper heading hierarchy (H1 → H2 → H3)
Ensure page is indexable (no noindex, no canonical issues)
Add Open Graph and Twitter card meta tags"
https://simplyenak.com/stories/eating-durians,blog,blog:eating-durians,0.5,0,55,1,Foundation (Position 50+ / Unranked),"Set unique, keyword-rich title tags (<60 chars)","Set unique, keyword-rich title tags (<60 chars)
Write compelling meta descriptions (150–160 chars)
Add proper heading hierarchy (H1 → H2 → H3)
Ensure page is indexable (no noindex, no canonical issues)
Add Open Graph and Twitter card meta tags"
https://simplyenak.com/stories/food-safety,blog,blog:food-safety,0.5,0,55,1,Foundation (Position 50+ / Unranked),"Set unique, keyword-rich title tags (<60 chars)","Set unique, keyword-rich title tags (<60 chars)
Write compelling meta descriptions (150–160 chars)
Add proper heading hierarchy (H1 → H2 → H3)
Ensure page is indexable (no noindex, no canonical issues)
Add Open Graph and Twitter card meta tags"
https://simplyenak.com/stories/hidden-gems-in-kuala-lumpur,blog,blog:hidden-gems-in-kuala-lumpur,0.5,0,55,1,Foundation (Position 50+ / Unranked),"Set unique, keyword-rich title tags (<60 chars)","Set unique, keyword-rich title tags (<60 chars)
Write compelling meta descriptions (150–160 chars)
Add proper heading hierarchy (H1 → H2 → H3)
Ensure page is indexable (no noindex, no canonical issues)
Add Open Graph and Twitter card meta tags"
https://simplyenak.com/stories/hidden-meat-problem-vegetarian-kl,blog,blog:hidden-meat-problem-vegetarian-kl,0.5,0,55,1,Foundation (Position 50+ / Unranked),"Set unique, keyword-rich title tags (<60 chars)","Set unique, keyword-rich title tags (<60 chars)
Write compelling meta descriptions (150–160 chars)
Add proper heading hierarchy (H1 → H2 → H3)
Ensure page is indexable (no noindex, no canonical issues)
Add Open Graph and Twitter card meta tags"
https://simplyenak.com/stories/how-to-find-vegetarian-restaurants-kl-penang-ipoh,blog,blog:how-to-find-vegetarian-restaurants-kl-penang-ipoh,0.5,0,55,1,Foundation (Position 50+ / Unranked),"Set unique, keyword-rich title tags (<60 chars)","Set unique, keyword-rich title tags (<60 chars)
Write compelling meta descriptions (150–160 chars)
Add proper heading hierarchy (H1 → H2 → H3)
Ensure page is indexable (no noindex, no canonical issues)
Add Open Graph and Twitter card meta tags"
https://simplyenak.com/stories/johor-bahru-local-food-guide,blog,blog:johor-bahru-local-food-guide,0.5,0,55,1,Foundation (Position 50+ / Unranked),"Set unique, keyword-rich title tags (<60 chars)","Set unique, keyword-rich title tags (<60 chars)
Write compelling meta descriptions (150–160 chars)
Add proper heading hierarchy (H1 → H2 → H3)
Ensure page is indexable (no noindex, no canonical issues)
Add Open Graph and Twitter card meta tags"
https://simplyenak.com/stories/malaysia-durian-guide,blog,blog:malaysia-durian-guide,0.5,0,55,1,Foundation (Position 50+ / Unranked),"Set unique, keyword-rich title tags (<60 chars)","Set unique, keyword-rich title tags (<60 chars)
Write compelling meta descriptions (150–160 chars)
Add proper heading hierarchy (H1 → H2 → H3)
Ensure page is indexable (no noindex, no canonical issues)
Add Open Graph and Twitter card meta tags"
https://simplyenak.com/stories/malaysia-food-guide-first-time-visitors,blog,blog:malaysia-food-guide-first-time-visitors,0.5,0,55,1,Foundation (Position 50+ / Unranked),"Set unique, keyword-rich title tags (<60 chars)","Set unique, keyword-rich title tags (<60 chars)
Write compelling meta descriptions (150–160 chars)
Add proper heading hierarchy (H1 → H2 → H3)
Ensure page is indexable (no noindex, no canonical issues)
Add Open Graph and Twitter card meta tags"
https://simplyenak.com/stories/malaysian-chefs-local-cuisine,blog,blog:malaysian-chefs-local-cuisine,0.5,0,55,1,Foundation (Position 50+ / Unranked),"Set unique, keyword-rich title tags (<60 chars)","Set unique, keyword-rich title tags (<60 chars)
Write compelling meta descriptions (150–160 chars)
Add proper heading hierarchy (H1 → H2 → H3)
Ensure page is indexable (no noindex, no canonical issues)
Add Open Graph and Twitter card meta tags"
https://simplyenak.com/stories/malaysian-egg-dishes-cooking-methods,blog,blog:malaysian-egg-dishes-cooking-methods,0.5,0,55,1,Foundation (Position 50+ / Unranked),"Set unique, keyword-rich title tags (<60 chars)","Set unique, keyword-rich title tags (<60 chars)
Write compelling meta descriptions (150–160 chars)
Add proper heading hierarchy (H1 → H2 → H3)
Ensure page is indexable (no noindex, no canonical issues)
Add Open Graph and Twitter card meta tags"
https://simplyenak.com/stories/malaysian-festivities,blog,blog:malaysian-festivities,0.5,0,55,1,Foundation (Position 50+ / Unranked),"Set unique, keyword-rich title tags (<60 chars)","Set unique, keyword-rich title tags (<60 chars)
Write compelling meta descriptions (150–160 chars)
Add proper heading hierarchy (H1 → H2 → H3)
Ensure page is indexable (no noindex, no canonical issues)
Add Open Graph and Twitter card meta tags"
https://simplyenak.com/stories/malaysian-herbs-and-spices,blog,blog:malaysian-herbs-and-spices,0.5,0,55,1,Foundation (Position 50+ / Unranked),"Set unique, keyword-rich title tags (<60 chars)","Set unique, keyword-rich title tags (<60 chars)
Write compelling meta descriptions (150–160 chars)
Add proper heading hierarchy (H1 → H2 → H3)
Ensure page is indexable (no noindex, no canonical issues)
Add Open Graph and Twitter card meta tags"
https://simplyenak.com/stories/malaysian-kueh-sweets-guide,blog,blog:malaysian-kueh-sweets-guide,0.5,0,55,1,Foundation (Position 50+ / Unranked),"Set unique, keyword-rich title tags (<60 chars)","Set unique, keyword-rich title tags (<60 chars)
Write compelling meta descriptions (150–160 chars)
Add proper heading hierarchy (H1 → H2 → H3)
Ensure page is indexable (no noindex, no canonical issues)
Add Open Graph and Twitter card meta tags"
https://simplyenak.com/stories/must-try-malaysian-street-food,blog,blog:must-try-malaysian-street-food,0.5,0,55,1,Foundation (Position 50+ / Unranked),"Set unique, keyword-rich title tags (<60 chars)","Set unique, keyword-rich title tags (<60 chars)
Write compelling meta descriptions (150–160 chars)
Add proper heading hierarchy (H1 → H2 → H3)
Ensure page is indexable (no noindex, no canonical issues)
Add Open Graph and Twitter card meta tags"
https://simplyenak.com/stories/nyonya-cuisine-cultural-symbolism,blog,blog:nyonya-cuisine-cultural-symbolism,0.5,0,55,1,Foundation (Position 50+ / Unranked),"Set unique, keyword-rich title tags (<60 chars)","Set unique, keyword-rich title tags (<60 chars)
Write compelling meta descriptions (150–160 chars)
Add proper heading hierarchy (H1 → H2 → H3)
Ensure page is indexable (no noindex, no canonical issues)
Add Open Graph and Twitter card meta tags"
https://simplyenak.com/stories/port-klang-to-kuala-lumpur,blog,blog:port-klang-to-kuala-lumpur,0.5,0,55,1,Foundation (Position 50+ / Unranked),"Set unique, keyword-rich title tags (<60 chars)","Set unique, keyword-rich title tags (<60 chars)
Write compelling meta descriptions (150–160 chars)
Add proper heading hierarchy (H1 → H2 → H3)
Ensure page is indexable (no noindex, no canonical issues)
Add Open Graph and Twitter card meta tags"
https://simplyenak.com/stories/souvenirs-for-foodies,blog,blog:souvenirs-for-foodies,0.5,0,55,1,Foundation (Position 50+ / Unranked),"Set unique, keyword-rich title tags (<60 chars)","Set unique, keyword-rich title tags (<60 chars)
Write compelling meta descriptions (150–160 chars)
Add proper heading hierarchy (H1 → H2 → H3)
Ensure page is indexable (no noindex, no canonical issues)
Add Open Graph and Twitter card meta tags"
https://simplyenak.com/stories/traditional-pahang-food,blog,blog:traditional-pahang-food,0.5,0,55,1,Foundation (Position 50+ / Unranked),"Set unique, keyword-rich title tags (<60 chars)","Set unique, keyword-rich title tags (<60 chars)
Write compelling meta descriptions (150–160 chars)
Add proper heading hierarchy (H1 → H2 → H3)
Ensure page is indexable (no noindex, no canonical issues)
Add Open Graph and Twitter card meta tags"
https://simplyenak.com/stories/traveling-during-fasting-month,blog,blog:traveling-during-fasting-month,0.5,0,55,1,Foundation (Position 50+ / Unranked),"Set unique, keyword-rich title tags (<60 chars)","Set unique, keyword-rich title tags (<60 chars)
Write compelling meta descriptions (150–160 chars)
Add proper heading hierarchy (H1 → H2 → H3)
Ensure page is indexable (no noindex, no canonical issues)
Add Open Graph and Twitter card meta tags"
https://simplyenak.com/stories/what-to-eat-kuala-lumpur-first-time,blog,blog:what-to-eat-kuala-lumpur-first-time,0.5,0,55,1,Foundation (Position 50+ / Unranked),"Set unique, keyword-rich title tags (<60 chars)","Set unique, keyword-rich title tags (<60 chars)
Write compelling meta descriptions (150–160 chars)
Add proper heading hierarchy (H1 → H2 → H3)
Ensure page is indexable (no noindex, no canonical issues)
Add Open Graph and Twitter card meta tags"
https://simplyenak.com/stories/what-vegetarian-actually-means-kuala-lumpur,blog,blog:what-vegetarian-actually-means-kuala-lumpur,0.5,0,55,1,Foundation (Position 50+ / Unranked),"Set unique, keyword-rich title tags (<60 chars)","Set unique, keyword-rich title tags (<60 chars)
Write compelling meta descriptions (150–160 chars)
Add proper heading hierarchy (H1 → H2 → H3)
Ensure page is indexable (no noindex, no canonical issues)
Add Open Graph and Twitter card meta tags"
https://simplyenak.com/tours/dietary/gluten-free-food-tours,colony,dietary:gluten-free-food-tours,0.5,0,60,1,Foundation (Position 50+ / Unranked),"Set unique, keyword-rich title tags (<60 chars)","Set unique, keyword-rich title tags (<60 chars)
Write compelling meta descriptions (150–160 chars)
Add proper heading hierarchy (H1 → H2 → H3)
Ensure page is indexable (no noindex, no canonical issues)
Add Open Graph and Twitter card meta tags"
https://simplyenak.com/tours/dietary/gluten-free-food-tours-kuala-lumpur,colony,dietary:gluten-free-food-tours-kuala-lumpur,0.5,0,60,1,Foundation (Position 50+ / Unranked),"Set unique, keyword-rich title tags (<60 chars)","Set unique, keyword-rich title tags (<60 chars)
Write compelling meta descriptions (150–160 chars)
Add proper heading hierarchy (H1 → H2 → H3)
Ensure page is indexable (no noindex, no canonical issues)
Add Open Graph and Twitter card meta tags"
https://simplyenak.com/tours/dietary/gluten-free-food-tours-penang,colony,dietary:gluten-free-food-tours-penang,0.5,0,60,1,Foundation (Position 50+ / Unranked),"Set unique, keyword-rich title tags (<60 chars)","Set unique, keyword-rich title tags (<60 chars)
Write compelling meta descriptions (150–160 chars)
Add proper heading hierarchy (H1 → H2 → H3)
Ensure page is indexable (no noindex, no canonical issues)
Add Open Graph and Twitter card meta tags"
https://simplyenak.com/tours/dietary/halal-food-tours,colony,dietary:halal-food-tours,0.5,0,60,1,Foundation (Position 50+ / Unranked),"Set unique, keyword-rich title tags (<60 chars)","Set unique, keyword-rich title tags (<60 chars)
Write compelling meta descriptions (150–160 chars)
Add proper heading hierarchy (H1 → H2 → H3)
Ensure page is indexable (no noindex, no canonical issues)
Add Open Graph and Twitter card meta tags"
https://simplyenak.com/tours/dietary/halal-food-tours-kuala-lumpur,colony,dietary:halal-food-tours-kuala-lumpur,0.5,0,60,1,Foundation (Position 50+ / Unranked),"Set unique, keyword-rich title tags (<60 chars)","Set unique, keyword-rich title tags (<60 chars)
Write compelling meta descriptions (150–160 chars)
Add proper heading hierarchy (H1 → H2 → H3)
Ensure page is indexable (no noindex, no canonical issues)
Add Open Graph and Twitter card meta tags"
https://simplyenak.com/tours/dietary/halal-food-tours-penang,colony,dietary:halal-food-tours-penang,0.5,0,60,1,Foundation (Position 50+ / Unranked),"Set unique, keyword-rich title tags (<60 chars)","Set unique, keyword-rich title tags (<60 chars)
Write compelling meta descriptions (150–160 chars)
Add proper heading hierarchy (H1 → H2 → H3)
Ensure page is indexable (no noindex, no canonical issues)
Add Open Graph and Twitter card meta tags"
https://simplyenak.com/tours/dietary/jain-food-tours,colony,dietary:jain-food-tours,0.5,0,60,1,Foundation (Position 50+ / Unranked),"Set unique, keyword-rich title tags (<60 chars)","Set unique, keyword-rich title tags (<60 chars)
Write compelling meta descriptions (150–160 chars)
Add proper heading hierarchy (H1 → H2 → H3)
Ensure page is indexable (no noindex, no canonical issues)
Add Open Graph and Twitter card meta tags"
https://simplyenak.com/tours/dietary/jain-food-tours-kuala-lumpur,colony,dietary:jain-food-tours-kuala-lumpur,0.5,0,60,1,Foundation (Position 50+ / Unranked),"Set unique, keyword-rich title tags (<60 chars)","Set unique, keyword-rich title tags (<60 chars)
Write compelling meta descriptions (150–160 chars)
Add proper heading hierarchy (H1 → H2 → H3)
Ensure page is indexable (no noindex, no canonical issues)
Add Open Graph and Twitter card meta tags"
https://simplyenak.com/tours/dietary/jain-food-tours-penang,colony,dietary:jain-food-tours-penang,0.5,0,60,1,Foundation (Position 50+ / Unranked),"Set unique, keyword-rich title tags (<60 chars)","Set unique, keyword-rich title tags (<60 chars)
Write compelling meta descriptions (150–160 chars)
Add proper heading hierarchy (H1 → H2 → H3)
Ensure page is indexable (no noindex, no canonical issues)
Add Open Graph and Twitter card meta tags"
https://simplyenak.com/tours/dietary/vegan-food-tours,colony,dietary:vegan-food-tours,0.5,0,60,1,Foundation (Position 50+ / Unranked),"Set unique, keyword-rich title tags (<60 chars)","Set unique, keyword-rich title tags (<60 chars)
Write compelling meta descriptions (150–160 chars)
Add proper heading hierarchy (H1 → H2 → H3)
Ensure page is indexable (no noindex, no canonical issues)
Add Open Graph and Twitter card meta tags"
https://simplyenak.com/tours/dietary/vegan-food-tours-kuala-lumpur,colony,dietary:vegan-food-tours-kuala-lumpur,0.5,0,60,1,Foundation (Position 50+ / Unranked),"Set unique, keyword-rich title tags (<60 chars)","Set unique, keyword-rich title tags (<60 chars)
Write compelling meta descriptions (150–160 chars)
Add proper heading hierarchy (H1 → H2 → H3)
Ensure page is indexable (no noindex, no canonical issues)
Add Open Graph and Twitter card meta tags"
https://simplyenak.com/tours/dietary/vegan-food-tours-penang,colony,dietary:vegan-food-tours-penang,0.5,0,60,1,Foundation (Position 50+ / Unranked),"Set unique, keyword-rich title tags (<60 chars)","Set unique, keyword-rich title tags (<60 chars)
Write compelling meta descriptions (150–160 chars)
Add proper heading hierarchy (H1 → H2 → H3)
Ensure page is indexable (no noindex, no canonical issues)
Add Open Graph and Twitter card meta tags"
https://simplyenak.com/tours/dietary/vegetarian-food-tours,colony,dietary:vegetarian-food-tours,0.5,0,60,1,Foundation (Position 50+ / Unranked),"Set unique, keyword-rich title tags (<60 chars)","Set unique, keyword-rich title tags (<60 chars)
Write compelling meta descriptions (150–160 chars)
Add proper heading hierarchy (H1 → H2 → H3)
Ensure page is indexable (no noindex, no canonical issues)
Add Open Graph and Twitter card meta tags"
https://simplyenak.com/tours/dietary/vegetarian-food-tours-kuala-lumpur,colony,dietary:vegetarian-food-tours-kuala-lumpur,0.5,0,60,1,Foundation (Position 50+ / Unranked),"Set unique, keyword-rich title tags (<60 chars)","Set unique, keyword-rich title tags (<60 chars)
Write compelling meta descriptions (150–160 chars)
Add proper heading hierarchy (H1 → H2 → H3)
Ensure page is indexable (no noindex, no canonical issues)
Add Open Graph and Twitter card meta tags"
https://simplyenak.com/tours/dietary/vegetarian-food-tours-penang,colony,dietary:vegetarian-food-tours-penang,0.5,0,60,1,Foundation (Position 50+ / Unranked),"Set unique, keyword-rich title tags (<60 chars)","Set unique, keyword-rich title tags (<60 chars)
Write compelling meta descriptions (150–160 chars)
Add proper heading hierarchy (H1 → H2 → H3)
Ensure page is indexable (no noindex, no canonical issues)
Add Open Graph and Twitter card meta tags"
https://simplyenak.com/tours/locations/chinatown-food-tour-kuala-lumpur,colony,location:chinatown-food-tour-kuala-lumpur,0.5,0,60,1,Foundation (Position 50+ / Unranked),"Set unique, keyword-rich title tags (<60 chars)","Set unique, keyword-rich title tags (<60 chars)
Write compelling meta descriptions (150–160 chars)
Add proper heading hierarchy (H1 → H2 → H3)
Ensure page is indexable (no noindex, no canonical issues)
Add Open Graph and Twitter card meta tags"
https://simplyenak.com/tours/locations/chow-kit-market-food-tour,colony,location:chow-kit-market-food-tour,0.5,0,60,1,Foundation (Position 50+ / Unranked),"Set unique, keyword-rich title tags (<60 chars)","Set unique, keyword-rich title tags (<60 chars)
Write compelling meta descriptions (150–160 chars)
Add proper heading hierarchy (H1 → H2 → H3)
Ensure page is indexable (no noindex, no canonical issues)
Add Open Graph and Twitter card meta tags"
https://simplyenak.com/tours/locations/chowrasta-market-food-tour,colony,location:chowrasta-market-food-tour,0.5,0,60,1,Foundation (Position 50+ / Unranked),"Set unique, keyword-rich title tags (<60 chars)","Set unique, keyword-rich title tags (<60 chars)
Write compelling meta descriptions (150–160 chars)
Add proper heading hierarchy (H1 → H2 → H3)
Ensure page is indexable (no noindex, no canonical issues)
Add Open Graph and Twitter card meta tags"
https://simplyenak.com/tours/locations/food-tours-ipoh,colony,location:food-tours-ipoh,0.5,0,60,1,Foundation (Position 50+ / Unranked),"Set unique, keyword-rich title tags (<60 chars)","Set unique, keyword-rich title tags (<60 chars)
Write compelling meta descriptions (150–160 chars)
Add proper heading hierarchy (H1 → H2 → H3)
Ensure page is indexable (no noindex, no canonical issues)
Add Open Graph and Twitter card meta tags"
https://simplyenak.com/tours/locations/food-tours-klang,colony,location:food-tours-klang,0.5,0,60,1,Foundation (Position 50+ / Unranked),"Set unique, keyword-rich title tags (<60 chars)","Set unique, keyword-rich title tags (<60 chars)
Write compelling meta descriptions (150–160 chars)
Add proper heading hierarchy (H1 → H2 → H3)
Ensure page is indexable (no noindex, no canonical issues)
Add Open Graph and Twitter card meta tags"
https://simplyenak.com/tours/locations/food-tours-kuala-lumpur,colony,location:food-tours-kuala-lumpur,0.5,0,60,1,Foundation (Position 50+ / Unranked),"Set unique, keyword-rich title tags (<60 chars)","Set unique, keyword-rich title tags (<60 chars)
Write compelling meta descriptions (150–160 chars)
Add proper heading hierarchy (H1 → H2 → H3)
Ensure page is indexable (no noindex, no canonical issues)
Add Open Graph and Twitter card meta tags"
https://simplyenak.com/tours/locations/food-tours-melaka,colony,location:food-tours-melaka,0.5,0,60,1,Foundation (Position 50+ / Unranked),"Set unique, keyword-rich title tags (<60 chars)","Set unique, keyword-rich title tags (<60 chars)
Write compelling meta descriptions (150–160 chars)
Add proper heading hierarchy (H1 → H2 → H3)
Ensure page is indexable (no noindex, no canonical issues)
Add Open Graph and Twitter card meta tags"
https://simplyenak.com/tours/locations/food-tours-penang,colony,location:food-tours-penang,0.5,0,60,1,Foundation (Position 50+ / Unranked),"Set unique, keyword-rich title tags (<60 chars)","Set unique, keyword-rich title tags (<60 chars)
Write compelling meta descriptions (150–160 chars)
Add proper heading hierarchy (H1 → H2 → H3)
Ensure page is indexable (no noindex, no canonical issues)
Add Open Graph and Twitter card meta tags"
https://simplyenak.com/tours/locations/georgetown-heritage-food-tour,colony,location:georgetown-heritage-food-tour,0.5,0,60,1,Foundation (Position 50+ / Unranked),"Set unique, keyword-rich title tags (<60 chars)","Set unique, keyword-rich title tags (<60 chars)
Write compelling meta descriptions (150–160 chars)
Add proper heading hierarchy (H1 → H2 → H3)
Ensure page is indexable (no noindex, no canonical issues)
Add Open Graph and Twitter card meta tags"
https://simplyenak.com/tours/locations/gurney-drive-food-tour,colony,location:gurney-drive-food-tour,0.5,0,60,1,Foundation (Position 50+ / Unranked),"Set unique, keyword-rich title tags (<60 chars)","Set unique, keyword-rich title tags (<60 chars)
Write compelling meta descriptions (150–160 chars)
Add proper heading hierarchy (H1 → H2 → H3)
Ensure page is indexable (no noindex, no canonical issues)
Add Open Graph and Twitter card meta tags"
https://simplyenak.com/tours/locations/kampung-baru-food-tour,colony,location:kampung-baru-food-tour,0.5,0,60,1,Foundation (Position 50+ / Unranked),"Set unique, keyword-rich title tags (<60 chars)","Set unique, keyword-rich title tags (<60 chars)
Write compelling meta descriptions (150–160 chars)
Add proper heading hierarchy (H1 → H2 → H3)
Ensure page is indexable (no noindex, no canonical issues)
Add Open Graph and Twitter card meta tags"
https://simplyenak.com/tours/locations/little-india-food-tour-kuala-lumpur,colony,location:little-india-food-tour-kuala-lumpur,0.5,0,60,1,Foundation (Position 50+ / Unranked),"Set unique, keyword-rich title tags (<60 chars)","Set unique, keyword-rich title tags (<60 chars)
Write compelling meta descriptions (150–160 chars)
Add proper heading hierarchy (H1 → H2 → H3)
Ensure page is indexable (no noindex, no canonical issues)
Add Open Graph and Twitter card meta tags"
https://simplyenak.com/tours/locations/little-india-food-tour-penang,colony,location:little-india-food-tour-penang,0.5,0,60,1,Foundation (Position 50+ / Unranked),"Set unique, keyword-rich title tags (<60 chars)","Set unique, keyword-rich title tags (<60 chars)
Write compelling meta descriptions (150–160 chars)
Add proper heading hierarchy (H1 → H2 → H3)
Ensure page is indexable (no noindex, no canonical issues)
Add Open Graph and Twitter card meta tags"
https://simplyenak.com/tours/segments/food-tours-for-chefs,colony,segment:food-tours-for-chefs,0.5,0,60,1,Foundation (Position 50+ / Unranked),"Set unique, keyword-rich title tags (<60 chars)","Set unique, keyword-rich title tags (<60 chars)
Write compelling meta descriptions (150–160 chars)
Add proper heading hierarchy (H1 → H2 → H3)
Ensure page is indexable (no noindex, no canonical issues)
Add Open Graph and Twitter card meta tags"
https://simplyenak.com/tours/segments/food-tours-for-couples-kuala-lumpur,colony,segment:food-tours-for-couples-kuala-lumpur,0.5,0,60,1,Foundation (Position 50+ / Unranked),"Set unique, keyword-rich title tags (<60 chars)","Set unique, keyword-rich title tags (<60 chars)
Write compelling meta descriptions (150–160 chars)
Add proper heading hierarchy (H1 → H2 → H3)
Ensure page is indexable (no noindex, no canonical issues)
Add Open Graph and Twitter card meta tags"
https://simplyenak.com/tours/segments/food-tours-for-couples-penang,colony,segment:food-tours-for-couples-penang,0.5,0,60,1,Foundation (Position 50+ / Unranked),"Set unique, keyword-rich title tags (<60 chars)","Set unique, keyword-rich title tags (<60 chars)
Write compelling meta descriptions (150–160 chars)
Add proper heading hierarchy (H1 → H2 → H3)
Ensure page is indexable (no noindex, no canonical issues)
Add Open Graph and Twitter card meta tags"
https://simplyenak.com/tours/segments/food-tours-for-families-kuala-lumpur,colony,segment:food-tours-for-families-kuala-lumpur,0.5,0,60,1,Foundation (Position 50+ / Unranked),"Set unique, keyword-rich title tags (<60 chars)","Set unique, keyword-rich title tags (<60 chars)
Write compelling meta descriptions (150–160 chars)
Add proper heading hierarchy (H1 → H2 → H3)
Ensure page is indexable (no noindex, no canonical issues)
Add Open Graph and Twitter card meta tags"
https://simplyenak.com/tours/segments/food-tours-for-families-penang,colony,segment:food-tours-for-families-penang,0.5,0,60,1,Foundation (Position 50+ / Unranked),"Set unique, keyword-rich title tags (<60 chars)","Set unique, keyword-rich title tags (<60 chars)
Write compelling meta descriptions (150–160 chars)
Add proper heading hierarchy (H1 → H2 → H3)
Ensure page is indexable (no noindex, no canonical issues)
Add Open Graph and Twitter card meta tags"
https://simplyenak.com/tours/segments/food-tours-for-foodies-kuala-lumpur,colony,segment:food-tours-for-foodies-kuala-lumpur,0.5,0,60,1,Foundation (Position 50+ / Unranked),"Set unique, keyword-rich title tags (<60 chars)","Set unique, keyword-rich title tags (<60 chars)
Write compelling meta descriptions (150–160 chars)
Add proper heading hierarchy (H1 → H2 → H3)
Ensure page is indexable (no noindex, no canonical issues)
Add Open Graph and Twitter card meta tags"
https://simplyenak.com/tours/segments/food-tours-for-foodies-penang,colony,segment:food-tours-for-foodies-penang,0.5,0,60,1,Foundation (Position 50+ / Unranked),"Set unique, keyword-rich title tags (<60 chars)","Set unique, keyword-rich title tags (<60 chars)
Write compelling meta descriptions (150–160 chars)
Add proper heading hierarchy (H1 → H2 → H3)
Ensure page is indexable (no noindex, no canonical issues)
Add Open Graph and Twitter card meta tags"
https://simplyenak.com/tours/segments/food-tours-for-wedding-groups,colony,segment:food-tours-for-wedding-groups,0.5,0,60,1,Foundation (Position 50+ / Unranked),"Set unique, keyword-rich title tags (<60 chars)","Set unique, keyword-rich title tags (<60 chars)
Write compelling meta descriptions (150–160 chars)
Add proper heading hierarchy (H1 → H2 → H3)
Ensure page is indexable (no noindex, no canonical issues)
Add Open Graph and Twitter card meta tags"
https://simplyenak.com/tours/specialty/heritage-food-tours,colony,specialty:heritage-food-tours,0.5,0,60,1,Foundation (Position 50+ / Unranked),"Set unique, keyword-rich title tags (<60 chars)","Set unique, keyword-rich title tags (<60 chars)
Write compelling meta descriptions (150–160 chars)
Add proper heading hierarchy (H1 → H2 → H3)
Ensure page is indexable (no noindex, no canonical issues)
Add Open Graph and Twitter card meta tags"
https://simplyenak.com/tours/specialty/heritage-food-tours-kuala-lumpur,colony,specialty:heritage-food-tours-kuala-lumpur,0.5,0,60,1,Foundation (Position 50+ / Unranked),"Set unique, keyword-rich title tags (<60 chars)","Set unique, keyword-rich title tags (<60 chars)
Write compelling meta descriptions (150–160 chars)
Add proper heading hierarchy (H1 → H2 → H3)
Ensure page is indexable (no noindex, no canonical issues)
Add Open Graph and Twitter card meta tags"
https://simplyenak.com/tours/specialty/heritage-food-tours-penang,colony,specialty:heritage-food-tours-penang,0.5,0,60,1,Foundation (Position 50+ / Unranked),"Set unique, keyword-rich title tags (<60 chars)","Set unique, keyword-rich title tags (<60 chars)
Write compelling meta descriptions (150–160 chars)
Add proper heading hierarchy (H1 → H2 → H3)
Ensure page is indexable (no noindex, no canonical issues)
Add Open Graph and Twitter card meta tags"
https://simplyenak.com/tours/specialty/market-tours,colony,specialty:market-tours,0.5,0,60,1,Foundation (Position 50+ / Unranked),"Set unique, keyword-rich title tags (<60 chars)","Set unique, keyword-rich title tags (<60 chars)
Write compelling meta descriptions (150–160 chars)
Add proper heading hierarchy (H1 → H2 → H3)
Ensure page is indexable (no noindex, no canonical issues)
Add Open Graph and Twitter card meta tags"
https://simplyenak.com/tours/specialty/market-tours-kuala-lumpur,colony,specialty:market-tours-kuala-lumpur,0.5,0,60,1,Foundation (Position 50+ / Unranked),"Set unique, keyword-rich title tags (<60 chars)","Set unique, keyword-rich title tags (<60 chars)
Write compelling meta descriptions (150–160 chars)
Add proper heading hierarchy (H1 → H2 → H3)
Ensure page is indexable (no noindex, no canonical issues)
Add Open Graph and Twitter card meta tags"
https://simplyenak.com/tours/specialty/market-tours-penang,colony,specialty:market-tours-penang,0.5,0,60,1,Foundation (Position 50+ / Unranked),"Set unique, keyword-rich title tags (<60 chars)","Set unique, keyword-rich title tags (<60 chars)
Write compelling meta descriptions (150–160 chars)
Add proper heading hierarchy (H1 → H2 → H3)
Ensure page is indexable (no noindex, no canonical issues)
Add Open Graph and Twitter card meta tags"
https://simplyenak.com/tours/specialty/night-food-tours,colony,specialty:night-food-tours,0.5,0,60,1,Foundation (Position 50+ / Unranked),"Set unique, keyword-rich title tags (<60 chars)","Set unique, keyword-rich title tags (<60 chars)
Write compelling meta descriptions (150–160 chars)
Add proper heading hierarchy (H1 → H2 → H3)
Ensure page is indexable (no noindex, no canonical issues)
Add Open Graph and Twitter card meta tags"
https://simplyenak.com/tours/specialty/night-food-tours-kuala-lumpur,colony,specialty:night-food-tours-kuala-lumpur,0.5,0,60,1,Foundation (Position 50+ / Unranked),"Set unique, keyword-rich title tags (<60 chars)","Set unique, keyword-rich title tags (<60 chars)
Write compelling meta descriptions (150–160 chars)
Add proper heading hierarchy (H1 → H2 → H3)
Ensure page is indexable (no noindex, no canonical issues)
Add Open Graph and Twitter card meta tags"
https://simplyenak.com/tours/specialty/night-food-tours-penang,colony,specialty:night-food-tours-penang,0.5,0,60,1,Foundation (Position 50+ / Unranked),"Set unique, keyword-rich title tags (<60 chars)","Set unique, keyword-rich title tags (<60 chars)
Write compelling meta descriptions (150–160 chars)
Add proper heading hierarchy (H1 → H2 → H3)
Ensure page is indexable (no noindex, no canonical issues)
Add Open Graph and Twitter card meta tags"
https://simplyenak.com/tours/specialty/street-food-tours,colony,specialty:street-food-tours,0.5,0,60,1,Foundation (Position 50+ / Unranked),"Set unique, keyword-rich title tags (<60 chars)","Set unique, keyword-rich title tags (<60 chars)
Write compelling meta descriptions (150–160 chars)
Add proper heading hierarchy (H1 → H2 → H3)
Ensure page is indexable (no noindex, no canonical issues)
Add Open Graph and Twitter card meta tags"
https://simplyenak.com/tours/specialty/street-food-tours-kuala-lumpur,colony,specialty:street-food-tours-kuala-lumpur,0.5,0,60,1,Foundation (Position 50+ / Unranked),"Set unique, keyword-rich title tags (<60 chars)","Set unique, keyword-rich title tags (<60 chars)
Write compelling meta descriptions (150–160 chars)
Add proper heading hierarchy (H1 → H2 → H3)
Ensure page is indexable (no noindex, no canonical issues)
Add Open Graph and Twitter card meta tags"
https://simplyenak.com/tours/specialty/street-food-tours-penang,colony,specialty:street-food-tours-penang,0.5,0,60,1,Foundation (Position 50+ / Unranked),"Set unique, keyword-rich title tags (<60 chars)","Set unique, keyword-rich title tags (<60 chars)
Write compelling meta descriptions (150–160 chars)
Add proper heading hierarchy (H1 → H2 → H3)
Ensure page is indexable (no noindex, no canonical issues)
Add Open Graph and Twitter card meta tags"
https://simplyenak.com/tours/corporate-groups,tour,tour:corporate-groups,0.5,0,65,1,Foundation (Position 50+ / Unranked),"Set unique, keyword-rich title tags (<60 chars)","Set unique, keyword-rich title tags (<60 chars)
Write compelling meta descriptions (150–160 chars)
Add proper heading hierarchy (H1 → H2 → H3)
Ensure page is indexable (no noindex, no canonical issues)
Add Open Graph and Twitter card meta tags"
https://simplyenak.com/tours/flavours-of-malaysia,tour,tour:flavours-of-malaysia,0.5,0,65,1,Foundation (Position 50+ / Unranked),"Set unique, keyword-rich title tags (<60 chars)","Set unique, keyword-rich title tags (<60 chars)
Write compelling meta descriptions (150–160 chars)
Add proper heading hierarchy (H1 → H2 → H3)
Ensure page is indexable (no noindex, no canonical issues)
Add Open Graph and Twitter card meta tags"
https://simplyenak.com/tours/georgetown-night-food-durian,tour,tour:georgetown-night-food-durian,0.5,0,65,1,Foundation (Position 50+ / Unranked),"Set unique, keyword-rich title tags (<60 chars)","Set unique, keyword-rich title tags (<60 chars)
Write compelling meta descriptions (150–160 chars)
Add proper heading hierarchy (H1 → H2 → H3)
Ensure page is indexable (no noindex, no canonical issues)
Add Open Graph and Twitter card meta tags"
https://simplyenak.com/tours/inside-pudu,tour,tour:inside-pudu,0.5,0,65,1,Foundation (Position 50+ / Unranked),"Set unique, keyword-rich title tags (<60 chars)","Set unique, keyword-rich title tags (<60 chars)
Write compelling meta descriptions (150–160 chars)
Add proper heading hierarchy (H1 → H2 → H3)
Ensure page is indexable (no noindex, no canonical issues)
Add Open Graph and Twitter card meta tags"
https://simplyenak.com/tours/kl-vegetarian-food-tour,tour,tour:kl-vegetarian-food-tour,0.5,0,65,1,Foundation (Position 50+ / Unranked),"Set unique, keyword-rich title tags (<60 chars)","Set unique, keyword-rich title tags (<60 chars)
Write compelling meta descriptions (150–160 chars)
Add proper heading hierarchy (H1 → H2 → H3)
Ensure page is indexable (no noindex, no canonical issues)
Add Open Graph and Twitter card meta tags"
https://simplyenak.com/tours/kuala-lumpur-street-food,tour,tour:kuala-lumpur-street-food,0.5,0,65,1,Foundation (Position 50+ / Unranked),"Set unique, keyword-rich title tags (<60 chars)","Set unique, keyword-rich title tags (<60 chars)
Write compelling meta descriptions (150–160 chars)
Add proper heading hierarchy (H1 → H2 → H3)
Ensure page is indexable (no noindex, no canonical issues)
Add Open Graph and Twitter card meta tags"
https://simplyenak.com/tours/penang-street-food,tour,tour:penang-street-food,0.5,0,65,1,Foundation (Position 50+ / Unranked),"Set unique, keyword-rich title tags (<60 chars)","Set unique, keyword-rich title tags (<60 chars)
Write compelling meta descriptions (150–160 chars)
Add proper heading hierarchy (H1 → H2 → H3)
Ensure page is indexable (no noindex, no canonical issues)
Add Open Graph and Twitter card meta tags"
https://simplyenak.com/tours/private-tours,tour,tour:private-tours,0.5,0,65,1,Foundation (Position 50+ / Unranked),"Set unique, keyword-rich title tags (<60 chars)","Set unique, keyword-rich title tags (<60 chars)
Write compelling meta descriptions (150–160 chars)
Add proper heading hierarchy (H1 → H2 → H3)
Ensure page is indexable (no noindex, no canonical issues)
Add Open Graph and Twitter card meta tags"
https://simplyenak.com/tours/private-tours/private-food-tour-kuala-lumpur,tour,tour:private-food-tour-kuala-lumpur,0.5,0,65,1,Foundation (Position 50+ / Unranked),"Set unique, keyword-rich title tags (<60 chars)","Set unique, keyword-rich title tags (<60 chars)
Write compelling meta descriptions (150–160 chars)
Add proper heading hierarchy (H1 → H2 → H3)
Ensure page is indexable (no noindex, no canonical issues)
Add Open Graph and Twitter card meta tags"
https://simplyenak.com/tours/private-tours/private-food-tour-penang,tour,tour:private-food-tour-penang,0.5,0,65,1,Foundation (Position 50+ / Unranked),"Set unique, keyword-rich title tags (<60 chars)","Set unique, keyword-rich title tags (<60 chars)
Write compelling meta descriptions (150–160 chars)
Add proper heading hierarchy (H1 → H2 → H3)
Ensure page is indexable (no noindex, no canonical issues)
Add Open Graph and Twitter card meta tags"
https://simplyenak.com/tours/secrets-of-kl-nightlife-street-art-and-cocktails,tour,tour:secrets-of-kl-nightlife-street-art-and-cocktails,0.5,0,65,1,Foundation (Position 50+ / Unranked),"Set unique, keyword-rich title tags (<60 chars)","Set unique, keyword-rich title tags (<60 chars)
Write compelling meta descriptions (150–160 chars)
Add proper heading hierarchy (H1 → H2 → H3)
Ensure page is indexable (no noindex, no canonical issues)
Add Open Graph and Twitter card meta tags"
https://simplyenak.com/tours/tailored-tours,tour,tour:tailored-tours,0.5,0,65,1,Foundation (Position 50+ / Unranked),"Set unique, keyword-rich title tags (<60 chars)","Set unique, keyword-rich title tags (<60 chars)
Write compelling meta descriptions (150–160 chars)
Add proper heading hierarchy (H1 → H2 → H3)
Ensure page is indexable (no noindex, no canonical issues)
Add Open Graph and Twitter card meta tags"
https://simplyenak.com/tours/why-simply-enak,tour,tour:why-simply-enak,0.5,0,65,1,Foundation (Position 50+ / Unranked),"Set unique, keyword-rich title tags (<60 chars)","Set unique, keyword-rich title tags (<60 chars)
Write compelling meta descriptions (150–160 chars)
Add proper heading hierarchy (H1 → H2 → H3)
Ensure page is indexable (no noindex, no canonical issues)
Add Open Graph and Twitter card meta tags"
https://simplyenak.com/directions,supporting,page:directions,0.5,0,70,1,Foundation (Position 50+ / Unranked),"Set unique, keyword-rich title tags (<60 chars)","Set unique, keyword-rich title tags (<60 chars)
Write compelling meta descriptions (150–160 chars)
Add proper heading hierarchy (H1 → H2 → H3)
Ensure page is indexable (no noindex, no canonical issues)
Add Open Graph and Twitter card meta tags"
https://simplyenak.com/faq,supporting,page:faq,0.5,0,70,1,Foundation (Position 50+ / Unranked),"Set unique, keyword-rich title tags (<60 chars)","Set unique, keyword-rich title tags (<60 chars)
Write compelling meta descriptions (150–160 chars)
Add proper heading hierarchy (H1 → H2 → H3)
Ensure page is indexable (no noindex, no canonical issues)
Add Open Graph and Twitter card meta tags"
https://simplyenak.com/how-it-works,supporting,page:how-it-works,0.5,0,70,1,Foundation (Position 50+ / Unranked),"Set unique, keyword-rich title tags (<60 chars)","Set unique, keyword-rich title tags (<60 chars)
Write compelling meta descriptions (150–160 chars)
Add proper heading hierarchy (H1 → H2 → H3)
Ensure page is indexable (no noindex, no canonical issues)
Add Open Graph and Twitter card meta tags"
https://simplyenak.com/how-to-prepare,supporting,page:how-to-prepare,0.5,0,70,1,Foundation (Position 50+ / Unranked),"Set unique, keyword-rich title tags (<60 chars)","Set unique, keyword-rich title tags (<60 chars)
Write compelling meta descriptions (150–160 chars)
Add proper heading hierarchy (H1 → H2 → H3)
Ensure page is indexable (no noindex, no canonical issues)
Add Open Graph and Twitter card meta tags"
https://simplyenak.com/stories,supporting,blog-index,0.5,0,70,1,Foundation (Position 50+ / Unranked),"Set unique, keyword-rich title tags (<60 chars)","Set unique, keyword-rich title tags (<60 chars)
Write compelling meta descriptions (150–160 chars)
Add proper heading hierarchy (H1 → H2 → H3)
Ensure page is indexable (no noindex, no canonical issues)
Add Open Graph and Twitter card meta tags"
https://simplyenak.com/testimonials,supporting,page:testimonials,0.5,0,70,1,Foundation (Position 50+ / Unranked),"Set unique, keyword-rich title tags (<60 chars)","Set unique, keyword-rich title tags (<60 chars)
Write compelling meta descriptions (150–160 chars)
Add proper heading hierarchy (H1 → H2 → H3)
Ensure page is indexable (no noindex, no canonical issues)
Add Open Graph and Twitter card meta tags"
https://simplyenak.com/tour-quiz,supporting,page:tour-quiz,0.5,0,70,1,Foundation (Position 50+ / Unranked),"Set unique, keyword-rich title tags (<60 chars)","Set unique, keyword-rich title tags (<60 chars)
Write compelling meta descriptions (150–160 chars)
Add proper heading hierarchy (H1 → H2 → H3)
Ensure page is indexable (no noindex, no canonical issues)
Add Open Graph and Twitter card meta tags"
https://simplyenak.com/track-record,supporting,page:track-record,0.5,0,70,1,Foundation (Position 50+ / Unranked),"Set unique, keyword-rich title tags (<60 chars)","Set unique, keyword-rich title tags (<60 chars)
Write compelling meta descriptions (150–160 chars)
Add proper heading hierarchy (H1 → H2 → H3)
Ensure page is indexable (no noindex, no canonical issues)
Add Open Graph and Twitter card meta tags"
https://simplyenak.com/privacy,utility,utility:privacy,0.5,0,95,1,Foundation (Position 50+ / Unranked),"Set unique, keyword-rich title tags (<60 chars)","Set unique, keyword-rich title tags (<60 chars)
Write compelling meta descriptions (150–160 chars)
Add proper heading hierarchy (H1 → H2 → H3)
Ensure page is indexable (no noindex, no canonical issues)
Add Open Graph and Twitter card meta tags"
https://simplyenak.com/terms,utility,utility:terms,0.5,0,95,1,Foundation (Position 50+ / Unranked),"Set unique, keyword-rich title tags (<60 chars)","Set unique, keyword-rich title tags (<60 chars)
Write compelling meta descriptions (150–160 chars)
Add proper heading hierarchy (H1 → H2 → H3)
Ensure page is indexable (no noindex, no canonical issues)
Add Open Graph and Twitter card meta tags"
