query,class,impressions_total,std_ratio,pre_n_days,pre_mean_pos,pre_std_pos,pre_mean_abs_dod,pre_pct_jumps_ge3,pre_clicks,post_n_days,post_mean_pos,post_std_pos,post_mean_abs_dod,post_pct_jumps_ge3,post_clicks
durian,informational,7667,1.88,21,9.22,1.34,1.36,5.3,4,79,9.34,2.52,1.7,12.5,6
food tour kuala lumpur,tour_geo,1889,1.1,72,11.81,5.12,3.64,43.5,6,99,16.58,5.65,4.3,46.8,3
malaysia food tours,tour_nogeo,1824,0.33,86,14.9,6.86,2.53,31.7,0,91,14.25,2.26,1.4,9.6,1
durian malaysia,informational,1165,0.71,44,25.11,17.66,5.51,59.0,2,99,17.97,12.52,4.13,46.7,6
penang food tours,tour_geo,1136,1.23,79,8.32,4.64,3.11,42.5,2,94,10.81,5.72,4.05,37.2,3
penang food tour,tour_geo,1119,1.46,71,7.58,6.72,7.09,67.9,8,97,11.58,9.79,10.55,72.2,10
food,other,1084,,,,,,,,20,11.58,3.02,1.01,6.7,0
durian season in malaysia,informational,1000,0.42,21,9.01,5.37,1.87,16.7,2,75,7.62,2.26,1.57,12.2,3
simply enak kangar jaya,branded,902,,,,,,,,59,8.93,1.88,0.67,1.9,12
kampung baru street food,informational,871,,,,,,,,48,7.46,1.13,0.61,0.0,2
simply enak,branded,857,1.8,24,1.02,0.1,0,0.0,57,91,1.07,0.18,0.11,0.0,230
malaysia,other,835,,,,,,,,51,3.92,0.56,0.48,2.2,3
food festivals near me,other,787,0.21,18,11.04,5.9,0.64,0.0,0,54,1.75,1.23,0.6,4.2,0
port klang to kuala lumpur,other,722,0.14,19,15.08,9.4,1.98,18.2,0,57,7.03,1.3,0.95,5.5,7
dumpling festival,other,653,3.22,28,10.66,2.32,1.7,8.7,0,14,12.22,7.46,0.65,0.0,0
durian season,informational,619,0.27,20,13.71,7.92,5.49,64.7,1,53,7.19,2.15,1.76,15.6,1
malaysian durian,informational,592,0.2,18,11.64,9.82,2.72,23.1,2,69,9.21,1.98,1.73,17.7,0
durian season malaysia,informational,584,0.61,23,11.15,10.01,2.84,31.6,0,57,7.82,6.06,1.91,18.2,4
do malaysians speak english,other,546,0.44,10,6.07,2.79,2.0,25.0,1,57,7.61,1.23,0.97,3.8,1
food tour penang,tour_geo,527,2.72,60,2.92,2.67,1.83,25.6,9,66,5.74,7.26,4.29,45.2,15
malaysia durian,informational,501,0.25,23,10.32,7.18,1.37,5.3,0,55,7.91,1.78,1.53,20.8,1
bak chang festival,other,498,0.43,30,9.66,6.15,4.44,40.0,1,23,9.5,2.62,0.83,0.0,1
malaysian street food,informational,483,1.14,22,18.37,7.9,6.3,90.0,0,49,12.78,8.99,2.25,17.9,2
street food,informational,478,0.7,24,28.89,8.41,7.5,60.0,0,36,11.95,5.88,1.69,11.8,0
does malaysia speak english,other,473,0.34,10,6.02,4.13,2.1,25.0,0,52,8.04,1.41,1.08,8.3,0
when is durian season in malaysia,informational,404,0.27,18,9.85,10.08,2.09,21.4,1,60,6.87,2.73,1.49,10.2,0
kampung baru food,other,402,,,,,,,,49,8.28,1.01,0.84,0.0,1
food tour penang george town,tour_geo,356,0.92,34,9.23,4.18,2.77,36.4,0,65,9.91,3.85,2.18,21.7,0
malaysia durian season,informational,344,0.22,14,9.7,9.98,1.62,11.1,0,51,6.63,2.22,1.9,17.1,1
klang to kl,other,337,,,,,,,,46,9.33,0.68,0.63,0.0,0
malaysia street food,informational,320,,,,,,,,44,11.5,4.71,1.46,5.9,0
durian in malaysia,informational,299,0.93,13,6.13,2.98,2.43,42.9,1,56,7.78,2.76,1.93,17.1,3
kuala lumpur,other,299,,,,,,,,31,3.08,0.26,0.28,0.0,1
kuala lumpur food tour,tour_geo,282,0.81,29,9.78,10.0,17.91,50.0,0,52,14.14,8.1,9.5,70.0,4
enak,other,256,0.13,37,12.59,12.08,7.32,72.2,1,27,9.7,1.62,2.03,17.6,0
do they speak english in malaysia,other,229,,,,,,,,39,7.87,2.11,1.08,3.2,0
gurney drive hawker centre,informational,227,,,,,,,,27,9.64,4.11,3.87,45.8,2
kuala lumpur food tours,tour_geo,223,,,,,,,,43,20.43,6.27,4.12,55.2,0
malaysia food souvenir,other,216,0.34,16,49.15,12.35,2.72,33.3,0,43,13.58,4.17,2.38,37.5,3
food tasting,other,213,0.98,18,8.47,7.71,7.4,66.7,0,35,7.04,7.54,4.95,50.0,0
best food souvenirs in malaysia,informational,212,0.87,22,40.33,8.64,6.0,50.0,0,17,17.89,7.51,,,0
durian season malaysia 2026,informational,203,,,,,,,,39,5.32,1.95,1.57,12.1,3
raya food,other,189,,41,10.31,6.77,4.6,33.3,0,,,,,,
penang food,other,186,0.9,13,45.88,21.24,43.5,100.0,0,37,40.19,19.02,15.34,82.4,0
type of durian in malaysia,informational,182,,,,,,,,41,7.32,2.28,1.81,28.6,2
simply enak food tours,branded,181,,17,1,0.0,0,0.0,48,30,1.23,1.0,0.61,9.1,65
durians,informational,173,,,,,,,,35,9.2,2.76,2.28,35.0,0
food tours penang,tour_geo,166,2.39,14,8.78,7.77,19.12,100.0,0,22,23.73,18.57,17.81,75.0,3
food tour malaysia,tour_nogeo,165,1.23,13,22.45,6.63,4.0,100.0,1,24,17.11,8.17,5.01,50.0,3
street food malaysia,informational,163,,,,,,,,32,9.86,2.83,2.3,26.9,0
hari raya food,other,162,,29,16.18,12.53,3.73,41.2,0,,,,,,
malaysia durian season 2026,informational,160,,,,,,,,37,5.51,2.14,0.93,3.7,2
is it durian season now in malaysia,informational,158,,,,,,,,43,7.55,3.03,1.4,9.4,1
best durian,informational,156,,,,,,,,28,7.68,2.67,1.71,23.5,0
when is durian season,informational,150,,,,,,,,31,6.52,1.95,1.85,17.6,0
dumpling feast,other,149,1.03,12,5.55,1.55,1.47,12.5,0,11,7.64,1.6,1.71,12.5,0
durian malaysia apa saja,informational,147,,,,,,,,28,6.36,2.74,1.4,15.0,0
gurney drive food,other,147,,,,,,,,32,6.59,1.59,1.32,7.1,3
meals on the street by addin kuala lumpur,other,147,,,,,,,,10,10.62,0.64,0.46,0.0,0
malaysia speak english,other,146,,,,,,,,38,8.22,2.09,2.35,35.7,0
durian season in malaysia 2026,informational,142,,,,,,,,37,4.93,1.76,1.13,3.6,2
gurney drive penang street food,informational,140,,,,,,,,28,8.74,1.0,0.79,0.0,0
malaysian fruit durian,informational,139,,,,,,,,27,9.33,2.51,1.94,23.1,0
types of durian in malaysia,informational,139,,,,,,,,39,6.07,3.72,2.22,21.4,0
do people in malaysia speak english,other,137,,,,,,,,30,7.14,1.69,1.05,8.3,0
enak eats,other,134,,,,,,,,34,7.91,1.52,1.49,8.7,0
is english widely spoken in malaysia,other,133,,,,,,,,36,7.3,2.32,2.4,27.3,0
chowrasta,other,133,,,,,,,,12,9.2,1.52,0.76,10.0,0
malaysia street food tour,tour_nogeo,128,0.8,16,15.91,6.99,14.75,100.0,0,14,38.55,5.61,,,0
food tour malaysia kuala lumpur,tour_geo,127,,,,,,,,36,18.0,7.87,8.44,60.0,0
best durian in malaysia,informational,127,1.27,12,7.05,2.63,3.17,50.0,0,24,5.85,3.35,2.04,25.0,3
best time to eat durian,informational,127,,,,,,,,31,7.02,2.19,2.08,20.0,0
klang to kuala lumpur,other,124,,,,,,,,35,8.83,1.89,2.2,19.0,0
durians in malaysia,informational,123,0.95,16,22.95,14.74,35.0,100.0,0,13,13.03,13.95,3.83,50.0,0
gurney drive hawker centre menu,informational,123,,,,,,,,24,9.39,1.13,1.25,0.0,1
malaysia english widely spoken official tourism,tour_nogeo,122,,,,,,,,26,7.81,1.62,1.26,13.3,0
is english spoken in malaysia,other,120,,,,,,,,23,7.97,2.07,1.06,0.0,0
simply enak @ kangar jaya reviews,branded,118,,,,,,,,16,7.03,0.89,0.83,0.0,1
simply enak @ kangar jaya menu,branded,114,,,,,,,,17,8.84,1.22,1.02,7.1,0
can malaysians speak english,other,104,,,,,,,,29,7.08,1.29,1.44,7.1,0
pasar chowrasta,other,103,,,,,,,,13,8.72,1.29,0.91,0.0,0
malaysia souvenir food,other,100,,,,,,,,21,9.23,2.47,1.63,16.7,2
wet market,other,100,,,,,,,,10,8.35,1.33,1.52,11.1,1
chow kit market,other,99,,,,,,,,22,7.96,4.05,2.8,33.3,1
food tours kuala lumpur,tour_geo,98,,,,,,,,28,13.73,8.92,6.06,40.0,0
do malaysia speak english,other,95,,,,,,,,30,7.54,1.6,1.01,6.7,0
durian malaysia season,informational,92,0.15,10,27.05,22.06,13.34,75.0,0,12,7.06,3.4,2.12,50.0,0
street food in malaysia,informational,91,,,,,,,,23,9.0,1.92,2.25,22.2,0
private food tour malaysia,tour_nogeo,91,1.56,11,14.03,8.39,1.23,20.0,0,13,29.7,13.08,2.5,0.0,0
chow kit food,other,91,,,,,,,,12,7.02,0.86,1.12,0.0,1
durian in malay,informational,90,,,,,,,,27,9.91,2.18,2.91,58.3,0
food tour kl,tour_geo,90,,,,,,,,22,17.68,10.9,5.92,60.0,2
kampung baru street food location,informational,90,,,,,,,,26,6.0,0.87,0.58,0.0,0
food tour georgetown,tour_geo,89,1.51,10,7.6,2.06,1.5,0.0,1,11,7.36,3.12,,,2
durian fruit malaysia,informational,88,,,,,,,,26,8.95,4.7,2.36,42.9,0
chowrasta market food,other,88,,,,,,,,22,9.85,5.85,0.58,0.0,2
malaysian snacks to bring overseas,other,86,,,,,,,,19,20.91,5.92,4.23,66.7,1
gluten free food,other,86,,,,,,,,21,8.15,2.0,1.41,12.5,0
malaysia tour with veg food,tour_nogeo,84,,,,,,,,10,17.9,6.03,12.5,100.0,0
food to eat,other,82,,,,,,,,18,12.99,9.88,4.2,14.3,0
kautim meaning,other,81,,11,2.46,3.27,0.81,11.1,0,,,,,,
street food tour kuala lumpur,tour_geo,80,,,,,,,,18,20.93,10.88,9.39,100.0,0
do people speak english in malaysia,other,79,,,,,,,,21,7.25,1.6,2.6,40.0,0
tour gastronomico kuala lumpur,tour_geo,79,,,,,,,,22,24.17,4.63,3.93,75.0,0
tours gastronomicos kuala lumpur,tour_geo,79,,,,,,,,19,17.9,2.97,1.54,14.3,0
types of kueh,other,78,,,,,,,,19,9.28,4.37,2.34,50.0,1
kampung baru food street,other,77,,,,,,,,20,6.59,2.41,1.35,22.2,1
kl veggie menu guide,other,77,,,,,,,,17,12.84,2.63,4.22,66.7,0
pasar chow kit tutup pukul berapa,other,76,,,,,,,,13,7.06,2.1,1.86,25.0,1
how far is klang from kuala lumpur,other,74,,,,,,,,22,8.64,1.63,1.65,11.1,0
do malaysian speak english,other,73,,,,,,,,18,6.81,1.69,2.14,28.6,0
jain food,other,73,,,,,,,,17,9.32,4.54,0.67,0.0,1
what to do this weekend,other,72,,,,,,,,13,1.6,0.84,0.77,0.0,0
foodp,other,72,,,,,,,,11,10.6,0.75,0.78,0.0,0
does malaysian speak english,other,71,,,,,,,,19,7.31,1.46,1.22,25.0,0
tst durian,informational,71,,,,,,,,19,8.42,1.06,1.01,0.0,0
durian malaysia yang terkenal,informational,70,,,,,,,,20,7.56,1.45,0.56,0.0,0
malaysian durian fruit,informational,68,,,,,,,,20,10.58,3.99,1.62,0.0,0
what is durian in malaysia,informational,67,,,,,,,,15,6.41,2.35,1.9,25.0,0
malay kueh,other,67,,,,,,,,22,10.53,6.23,5.51,36.4,1
ba zhang festival,other,66,,,,,,,,13,7.2,1.5,1.0,0.0,1
durian fruit in malaysia,informational,66,,,,,,,,16,7.39,1.81,2.33,25.0,0
is durian from malaysia,informational,66,,,,,,,,17,8.24,2.83,2.88,37.5,0
does malaysian people fluent in emglish,other,66,,,,,,,,18,10.24,1.41,0.65,0.0,0
port klang to kl,other,65,,,,,,,,17,6.13,1.77,1.83,20.0,2
grab-and-go chow kit kuala lumpur,other,65,,,,,,,,16,28.39,4.76,4.51,75.0,0
durian types malaysia,informational,64,,,,,,,,18,8.16,2.48,2.01,33.3,0
kl food tour,tour_geo,63,,,,,,,,14,10.79,11.19,4.67,100.0,4
gurney drive food court,other,63,,,,,,,,11,7.09,2.51,1.89,14.3,0
raya culture,other,63,,,,,,,,22,22.92,3.75,2.01,33.3,0
sambal streets kuala lumpur food tour,tour_geo,62,,,,,,,,13,4.8,1.58,1.58,50.0,1
gluten free kuala lumpur,other,62,,,,,,,,16,9.38,1.41,1.54,18.2,0
food tour penang georgetown,tour_geo,61,,,,,,,,14,5.25,2.7,3.9,80.0,3
best food in malaysia,informational,61,,18,42.43,13.85,20.75,100.0,0,,,,,,
durian malaysia fruit,informational,61,,,,,,,,15,9.67,2.2,3.0,50.0,1
d21 durian,informational,60,,,,,,,,16,3.65,1.8,1.21,0.0,1
do malaysian people speak english,other,60,,,,,,,,17,7.24,1.72,2.63,60.0,0
rare taste,other,59,,,,,,,,15,9.96,1.0,1.02,11.1,1
jain tour in malaysia,tour_nogeo,59,,,,,,,,11,15.91,3.33,0.5,0.0,0
do most malaysians speak english,other,58,,,,,,,,16,6.88,0.96,1.18,12.5,0
malaysian durian varieties,informational,58,,,,,,,,15,7.97,1.8,2.14,40.0,0
kampung baru market,other,58,,,,,,,,16,7.77,2.28,0.98,0.0,0
pahang famous food,other,57,,,,,,,,17,6.14,1.22,0.88,0.0,1
malaysia famous food souvenir,other,57,,,,,,,,14,6.31,1.59,1.83,0.0,2
what is the special items to bring back to home from malaysia,other,56,,,,,,,,12,8.12,1.47,1.38,14.3,0
bakchang,other,55,,,,,,,,12,10.27,3.0,2.34,33.3,0
musim durian di malaysia,informational,55,,,,,,,,12,10.79,10.97,1.14,0.0,0
jain meal,other,55,,,,,,,,12,5.99,1.49,2.31,37.5,0
kueh,other,55,,,,,,,,15,8.76,5.15,5.92,71.4,0
what is kuih,other,55,,,,,,,,14,8.0,4.98,3.79,16.7,0
durian d21,informational,54,,,,,,,,14,3.91,1.55,2.61,42.9,1
malaysian food,informational,54,,14,67.94,11.49,7.92,83.3,0,,,,,,
port klang cruise terminal to kuala lumpur,other,54,,,,,,,,13,5.97,1.2,1.62,0.0,3
when is the durian season in malaysia,informational,53,,,,,,,,13,7.3,2.49,1.25,0.0,0
durian food,informational,53,,,,,,,,12,8.85,1.65,2.0,0.0,0
malaysia do they speak english,other,53,,,,,,,,11,8.07,1.37,1.42,33.3,0
why do malaysians speak english,other,53,,,,,,,,16,9.14,1.39,1.76,28.6,0
kampung baru,other,53,,,,,,,,13,11.45,2.61,3.52,83.3,0
malaysia food pasalubong,other,53,,,,,,,,15,10.3,0.94,0.97,0.0,1
walk@chowrasta,other,53,,,,,,,,15,9.85,1.54,2.52,40.0,0
kuala lumpur street food tour,tour_geo,52,,,,,,,,10,12.49,12.67,15.5,100.0,0
malaysia fruit durian,informational,52,,,,,,,,13,8.67,2.16,2.89,66.7,1
durian varieties in malaysia,informational,52,,,,,,,,14,8.35,2.66,2.42,16.7,0
do malaysians eat dog,other,51,,10,6.82,3.67,1.0,0.0,0,,,,,,
food tour in kuala lumpur,tour_geo,51,,,,,,,,12,29.8,19.82,28.9,100.0,0
malaysian street food kuala lumpur,informational,51,,,,,,,,14,11.78,2.82,2.82,57.1,1
penang street food tour,tour_geo,50,,,,,,,,12,15.67,19.87,7.33,100.0,1
street food tour in kl,tour_geo,50,,,,,,,,11,27.77,12.72,,,0
do they speak english in kuala lumpur,other,49,,,,,,,,13,7.37,1.68,1.0,0.0,0
kampung baru kl food,other,49,,,,,,,,16,9.34,1.78,0.67,0.0,1
simply enak menu,branded,49,,,,,,,,11,6.85,1.05,0.56,0.0,0
chang festival,other,48,,13,6.48,3.18,2.75,33.3,0,,,,,,
penang food tours in george town,tour_geo,48,,,,,,,,13,5.01,2.79,6.5,100.0,0
is kway teow gluten free,other,48,,,,,,,,13,5.58,1.89,2.21,16.7,0
jenis durian malaysia,informational,48,,,,,,,,10,4.02,3.09,2.57,33.3,0
famous food in malaysia,informational,46,,10,46.85,13.35,1.89,0.0,0,,,,,,
traditional malaysian food,informational,46,,10,54.7,12.43,17.0,100.0,0,,,,,,
durian season 2026,informational,46,,,,,,,,13,6.4,4.23,2.67,50.0,2
gurney drive night market,other,46,,,,,,,,13,10.05,1.1,1.7,0.0,0
kueh in english,other,46,,,,,,,,13,6.92,2.36,1.33,0.0,0
heritage food tour,tour_nogeo,45,,,,,,,,15,15.29,4.92,,,0
penang street food,informational,45,,,,,,,,11,52.69,5.13,4.34,50.0,0
malaysia language,other,45,,,,,,,,11,2.48,1.79,1.96,25.0,0
how far is port klang from kuala lumpur,other,45,,,,,,,,13,4.62,0.95,2.9,0.0,2
little india penang food,other,45,,,,,,,,11,8.67,1.55,2.32,33.3,0
kuih in english,other,43,,,,,,,,11,3.77,2.74,3.0,50.0,0
what is kueh,other,42,,,,,,,,10,6.29,2.46,2.1,33.3,0
kuala lumpur street food,informational,41,,,,,,,,13,16.46,5.76,,,0
malaysia food tour agency,tour_nogeo,41,,,,,,,,12,30.8,10.88,22,100.0,0
durian types,informational,41,,,,,,,,12,5.47,3.41,5.33,100.0,1
penang lunch tour,tour_geo,40,,,,,,,,11,29.66,9.86,,,0
port klang to kuala lumpur distance,other,40,,,,,,,,14,8.8,1.42,2,0.0,0
gurney street food,informational,40,,,,,,,,11,9.33,1.05,0.3,0.0,0
malay food in malaysia,informational,39,,12,64.61,15.08,19.0,100.0,0,,,,,,
durian khas malaysia,informational,39,,,,,,,,11,7.91,3.07,1.0,0.0,0
pahang food,other,39,,,,,,,,10,4.26,1.93,2.13,20.0,0
durian fruit season,informational,38,,,,,,,,10,14.9,18.98,1.51,0.0,0
why does malaysia speak english,other,37,,,,,,,,10,9.48,0.6,0.95,0.0,0
can malaysian speak english,other,36,,,,,,,,12,6.93,1.79,1.5,0.0,0
can you speak english in malaysia,other,36,,,,,,,,10,7.92,1.99,1.56,25.0,0
dog meat,other,36,,10,10.97,1.58,2.28,20.0,0,,,,,,
musim durian bulan apa,informational,36,,,,,,,,10,2.01,0.27,0.37,0.0,0
different types of durian in malaysia,informational,33,,,,,,,,10,8.58,2.12,3.17,50.0,0
penang market,other,33,,,,,,,,10,9.18,2.02,2.83,42.9,0
